ID,FolderName,PlantNumber,Side,Start,End,RootVolume,Genotype,Stage,nb_racines,surface_totale,taille_moyenne,ratio_couverture,densite_racines
ID_826322_Lbmaya,A6dzrkjqvl,3,L,33,42,0.9,IITA-TMS-IBA000070,Early,0.32926829268292684,1388.119464502102,802.1555079948612,0.10912888869816183,0.0003074391607962801
ID_718181_Bslpwx,Ypktwvqjbn,7,L,33,41,1.5,IBA154810,Early,0.5853658536585366,2794.193876685166,1216.353571449838,0.20875025069536163,9.76315291301426e-05
ID_465762_L1n61d,Ox18ob0syv,4,R,21,28,2.7,IBA980581,Early,0.524390243902439,2013.3662384312327,840.9430571300228,0.15366164687264905,0.00018075922240798153
ID_626872_Pbmx2e,Hqcekwpxgu,2,R,30,39,2.6,IITA-TMS-IBA000070,Early,0.25609756097560976,1357.5358611316215,539.0183098025439,0.10391634169561964,7.564231193810673e-05
ID_518846_Opko8c,Ummqfuetoc,1,R,17,26,2.7,IBA980581,Early,0.7012195121951219,3274.6210807242046,1829.7320910197932,0.2359671833298789,0.00014764524296996155
ID_167189_Lxr1uc,B5myqsh1wi,4,R,26,35,1.3,TMEB419,Early,0.3353658536585366,1601.543986808963,838.0350756761504,0.1308774727884799,7.940380484583707e-05
ID_171226_Jaqvha,L8w7zu7wek,5,R,27,33,4.5,IITA-TMS-IBA000070,Early,0.6829268292682927,3323.434558403201,1648.8045661740186,0.24633700130218156,0.00012423795034282394
ID_174315_Lw9ftc,Izbgyxre0g,2,L,24,37,3.7,IBA154810,Early,0.8963414634146342,5327.072115270103,2168.9836113162155,0.4033247882762597,0.00014579752967425845
ID_216014_Djn5n6,Vinlgebupo,2,L,23,29,0.4,IBA980581,Early,0.21951219512195122,626.8966905082144,440.8197050792415,0.0519167684439678,0.00028186213136984335
ID_737506_Hrpn4d,Hc3b9gicdo,5,L,37,45,3.1,IITA-TMS-IBA000070,Early,0.5548780487804879,4105.935591348788,1488.9588948691764,0.29892412727925394,0.00016536060802093886
ID_199600_Ewizmo,Lzkaccojep,4,L,24,39,6.2,TMEB419,Early,0.8475609756097561,3028.423500061035,1676.1673288112734,0.22391771656875686,0.00020530426915873942
ID_435671_Aebsus,Q4uyruus4j,4,R,27,33,2.8,IBA980581,Early,1.0975609756097562,4812.842926025391,1845.8140984511956,0.3340496232341723,0.0001906543666747211
ID_619181_Naqnhc,Yxmmb4wt55,4,R,17,32,3.0,IITA-TMS-IBA000070,Early,0.39634146341463417,1743.6989288330078,1077.90441410716,0.13164181315145224,0.00010022167665733206
ID_386102_Nxfbxd,Sauopakhvn,4,R,21,45,0.5,TMEB419,Early,0.4146341463414634,2981.4646599002,1088.476780589034,0.20576015596274674,6.223756165711763e-05
ID_989335_Vfh75b,Mpmvh2mgm3,3,L,32,40,4.9,TMEB419,Early,1.0365853658536586,6484.842064462057,1592.8447991347894,0.4503554768985759,0.0003162432316042039
ID_130988_Lor3j3,B8x7mhxe6z,1,R,20,30,0.8,IBA154810,Early,1.0121951219512195,4370.656577505716,1991.182390166492,0.3234718412249075,0.00025013703967474796
ID_748330_Wng7lt,Kjvcz6bjfj,5,R,26,39,0.2,IBA980581,Early,0.6402439024390244,3068.4603904165874,2057.4045417599564,0.23562930858050635,0.00014995937367751245
ID_682864_Lewqed,Ntqusw7xpb,4,R,37,46,2.2,TMEB419,Early,0.4146341463414634,1755.9463303961404,526.0357290360986,0.1220255858917353,0.0004343669685198907
ID_541673_F5dfwh,Ecxdebmlnr,3,R,25,36,0.02,IITA-TMS-IBA000070,Early,0.4817073170731707,2869.591641309785,935.6905145412538,0.20957533178437934,0.00013840772638685052
ID_700584_N3yrce,V6awcupt6m,5,R,28,39,2.3,TMEB693,Early,0.8963414634146342,6040.42711285847,1692.9927435153868,0.4283895474736432,0.00020433296280077093
ID_389935_Wf0rvu,Ah4ubi4ggi,5,R,27,44,2.3,IITA-TMS-IBA000070,Early,0.5365853658536586,2327.2339604075364,1576.1833056938358,0.1834355896299674,0.00016048322065393973
ID_916044_G6ck2f,Ph2ti2sjzu,3,L,22,35,0.01,IBA980581,Early,0.7012195121951219,3201.814254016411,1530.8430938720703,0.24112771758292725,0.00015120067115788934
ID_414102_Nbkm4z,Vlqr6qhbqk,2,R,32,40,1.8,IBA154810,Early,0.6646341463414634,2075.9133855307973,1007.9677805086461,0.15560539163798837,0.00018547801655361123
ID_912053_Mg3hwe,Idiolerx47,5,L,10,20,3.0,IITA-TMS-IBA000070,Late,2.042682926829268,7166.0038221405775,1995.731548030202,0.5607914998360827,0.00019000016507438516
ID_661969_Lnu1x9,Pw4ytibfql,4,L,25,32,1.5,TMEB419,Early,0.6890243902439024,3575.108218402397,1396.8850232566276,0.2639195042814802,0.0003540171917395738
ID_522599_Uvg4bq,Gernxgxbnu,5,L,14,19,0.0,TMEB419,Late,0.8841463414634146,3616.912850728849,1668.0192632907774,0.27138210533628915,0.00016836662139891492
ID_598519_Gvxcep,Lsdgz02kdp,7,L,29,40,2.1,TMEB693,Early,0.5914634146341463,2319.477514499571,1168.2913736482947,0.16078135680862712,0.0002139661407784476
ID_885908_Ijv0l9,Mpmvh2mgm3,4,L,32,40,4.8,TMEB419,Early,1.0365853658536586,6484.842064462057,1592.8447991347894,0.4503554768985759,0.0003162432316042039
ID_327566_Rnomjq,Xrrcqvdbkw,5,R,27,36,2.9,IBA154810,Early,0.8902439024390244,5207.432427848257,1694.1017713779356,0.38969043534604064,0.00023745791636089057
ID_661938_Ejfr2m,Zplb9xaxis,3,L,19,26,0.3,TMEB693,Late,1.030674846625767,2547.6128659862684,1066.8543281789207,0.1899211536240115,0.00023371373939540116
ID_871687_Ojcyma,Dz9lpsl9ae,5,L,37,46,1.4,TMEB419,Early,0.43902439024390244,2234.791853276695,1204.7524483843547,0.18454353616549013,0.00017501899311990916
ID_824915_A9kvq3,Vlcavd4dwj,5,L,34,42,4.5,IITA-TMS-IBA000070,Early,0.5487804878048781,2480.1511736613948,1434.9277805235329,0.17612079532120367,0.00011755786478226952
ID_624401_Iohnop,Ifqbqqrika,2,L,26,32,1.4,TMEB693,Early,0.5,1361.8976122228112,998.660937239484,0.10691409574715192,0.0005065803961376962
ID_134905_Id9pcw,Qhqftdiz4q,5,R,49,60,1.9,IITA-TMS-IBA000070,Early,0.6890243902439024,2359.6622883401265,1054.861683496615,0.18677454641364435,0.0007253805356328529
ID_260205_Ehppmv,Qhqftdiz4q,4,R,49,60,4.5,IITA-TMS-IBA000070,Early,0.6890243902439024,2359.6622883401265,1054.861683496615,0.18677454641364435,0.0007253805356328529
ID_794937_Y224fs,Pw4ytibfql,5,L,25,32,1.9,TMEB419,Early,0.6890243902439024,3575.108218402397,1396.8850232566276,0.2639195042814802,0.0003540171917395738
ID_677302_Zjlged,Ah4ubi4ggi,4,L,42,49,0.8,IITA-TMS-IBA000070,Early,0.5365853658536586,2327.2339604075364,1576.1833056938358,0.1834355896299674,0.00016048322065393973
ID_432572_Ygv3sh,Xdi1ipcemf,5,R,32,38,4.2,IITA-TMS-IBA000070,Early,0.5548780487804879,2967.44250739493,1271.9512250016376,0.2141916389586186,0.0002469845536560207
ID_387368_Aitmyp,Yznlv6wrsh,3,L,30,39,0.4,DIXON,Early,0.7073170731707317,3309.9615523175494,1655.0595851991234,0.2604431453247711,0.00014253700024054457
ID_684183_Sdvb3a,Pctl4tyb9l,4,L,46,53,7.9,IITA-TMS-IBA000070,Early,0.2682926829268293,1716.302889195884,833.5418046160443,0.13250876699176853,2.9664783598341043e-05
ID_477341_Almkhm,Ubgsvkns3h,4,L,33,40,0.65,IKN130010,Early,0.4329268292682927,2586.356433403201,1087.3934207078887,0.20740807941806974,4.6229606340243375e-05
ID_612373_P9lo1t,Wgutyon8uu,5,R,23,37,1.8,TMEB419,Early,0.6219512195121951,3868.997093293725,1304.1284052220788,0.2700032892191215,0.00012472040768601408
ID_605863_Gfc23p,Rzyf8hal4j,7,L,32,40,1.3,IBA154810,Early,0.5487804878048781,2158.9960492762125,810.1959036850348,0.1620315714095876,0.0003384180837888711
ID_308291_Wsm6xe,Ummqfuetoc,5,L,25,32,2.1,IBA980581,Early,0.7012195121951219,3274.6210807242046,1829.7320910197932,0.2359671833298789,0.00014764524296996155
ID_819632_Ytjapa,Mskdmpitqk,3,R,27,36,1.4,TMEB419,Early,0.8353658536585366,3137.1339856124505,1423.301626112403,0.24627700414214437,0.0005725939872766287
ID_469361_Rhupas,Mskdmpitqk,4,R,27,36,2.1,TMEB419,Early,0.8353658536585366,3137.1339856124505,1423.301626112403,0.24627700414214437,0.0005725939872766287
ID_935675_Rve787,Me1ufzzcxk,5,R,23,32,0.02,TMEB419,Early,0.40853658536585363,2161.930184713224,1052.8278228015433,0.16147786138790218,6.367818677412699e-05
ID_456912_Blrqzy,Ah4ubi4ggi,3,L,42,49,2.3,IITA-TMS-IBA000070,Early,0.5365853658536586,2327.2339604075364,1576.1833056938358,0.1834355896299674,0.00016048322065393973
ID_601291_Krxvyc,Mylwjeq6tq,4,R,19,42,2.7,IBA980581,Early,0.3597560975609756,1498.444697310285,796.4422849329507,0.10702142738848933,8.881655717505212e-05
ID_804694_Fiysfq,Ifqbqqrika,6,L,26,32,0.8,TMEB693,Early,0.5,1361.8976122228112,998.660937239484,0.10691409574715192,0.0005065803961376962
ID_619512_Hveydf,Dz9lpsl9ae,2,R,45,50,0.9,TMEB419,Early,0.43902439024390244,2234.791853276695,1204.7524483843547,0.18454353616549013,0.00017501899311990916
ID_613613_Nlusan,Qinorm9cg3,6,R,22,30,0.4,IBA980581,Early,0.9146341463414634,2699.4485577839177,1283.4369499392626,0.20991773082638102,0.0003427698661530172
ID_211500_Ndgm1d,Vbkivqphuz,5,L,20,32,2.1,TMEB693,Early,0.6524390243902439,3602.3002006716843,1810.6644034036776,0.2710620963482028,8.805831915842192e-05
ID_972865_Fn6ars,Puya1uaaln,3,R,16,37,3.8,TMEB419,Early,0.4451219512195122,1455.3563932093177,1146.6440868842892,0.11224271880250353,0.00013521999175513023
ID_885233_Ay9evt,Ifqbqqrika,3,R,20,25,0.3,TMEB693,Early,0.5,1361.8976122228112,998.660937239484,0.10691409574715192,0.0005065803961376962
ID_378379_Edfqp5,Lsdgz02kdp,4,R,17,27,1.7,TMEB693,Early,0.5914634146341463,2319.477514499571,1168.2913736482947,0.16078135680862712,0.0002139661407784476
ID_470797_Ayxwed,Dz9lpsl9ae,3,L,37,46,2.5,TMEB419,Early,0.43902439024390244,2234.791853276695,1204.7524483843547,0.18454353616549013,0.00017501899311990916
ID_636792_Iqfew2,L5l1h3kekg,4,L,38,50,1.4,IITA-TMS-IBA000070,Early,0.7317073170731707,4209.169436291951,1717.0356353201516,0.3076381714379628,0.00020858321739205773
ID_930483_Dtfg1r,Pucqtyga9u,3,L,30,40,0.5,TMEB419,Early,0.5670731707317073,2897.5432560618333,1137.6007854182546,0.2293356574994555,5.0355635377209974e-05
ID_543377_Puizhy,Puya1uaaln,4,R,16,37,1.9,TMEB419,Early,0.4451219512195122,1455.3563932093177,1146.6440868842892,0.11224271880250353,0.00013521999175513023
ID_588554_Hzpbye,P3om3dfa78,1,R,21,31,0.9,TMEB419,Early,0.6158536585365854,3823.93012451544,1923.5054299889541,0.27461448275713213,0.000137508341502021
ID_750705_Fl3z8e,Ot13d4nq6t,3,L,41,50,0.5,DIXON,Early,0.6829268292682927,3285.688712887648,1500.620337137362,0.2501184787624141,0.00010408424843640968
ID_326412_Yepco3,Jtcfkuovxk,4,R,28,45,0.4,TMEB693,Early,0.43902439024390244,2118.3971713926735,1367.8813960377763,0.15151772717627052,0.0001905011045641381
ID_717973_Dmcd2q,Vinlgebupo,6,L,23,29,0.8,IBA980581,Early,0.21951219512195122,626.8966905082144,440.8197050792415,0.0519167684439678,0.00028186213136984335
ID_434216_Bjmknr,F3odypnsyf,5,L,15,23,3.4,IITA-TMS-IBA000070,Late,1.6341463414634145,6601.491062815597,1920.0580020067168,0.5009245002746843,0.00013747956638876638
ID_147245_X3bsuc,Wgutyon8uu,3,L,18,45,1.8,TMEB419,Early,0.6219512195121951,3868.997093293725,1304.1284052220788,0.2700032892191215,0.00012472040768601408
ID_643905_Ruonfx,Lwuwokuhrf,5,R,15,30,5.8,TMEB419,Early,0.9939024390243902,4611.369436170997,1878.420801720968,0.3385707461880605,0.0004102205719981383
ID_279168_I3ptav,Hzapvbcfm8,4,R,24,30,1.4,IBA154810,Early,1.0365853658536586,3802.9076632988163,1652.9139432209295,0.2886822393919292,0.00033341003625625084
ID_772320_Mbgwbz,Vbkivqphuz,3,R,30,38,2.1,TMEB693,Early,0.6524390243902439,3602.3002006716843,1810.6644034036776,0.2710620963482028,8.805831915842192e-05
ID_262580_W6oitf,H9lomh5fxk,5,L,40,50,0.3,TMEB419,Early,0.4146341463414634,1253.4354283402606,839.9741653814549,0.09916845039228955,0.00020768357135539652
ID_311146_Vhntsv,L8w7zu7wek,3,L,33,51,4.5,IITA-TMS-IBA000070,Early,0.6829268292682927,3323.434558403201,1648.8045661740186,0.24633700130218156,0.00012423795034282394
ID_721485_Slgu6q,Mskdmpitqk,4,L,21,36,2.1,TMEB419,Early,0.8353658536585366,3137.1339856124505,1423.301626112403,0.24627700414214437,0.0005725939872766287
ID_714845_Rfhbdv,Isdzz86frg,6,L,10,23,2.3,IITA-TMS-IBA000070,Late,2.2439024390243905,7979.289913642697,1936.0948244420495,0.6188972152125141,0.00022175279681046334
ID_677067_Lk1opz,S6lk1xauct,5,L,28,33,2.3,TMEB419,Early,0.3902439024390244,1463.7724158124227,710.986400604248,0.12078488217256643,0.0003502449595573753
ID_364756_Ypesry,Jrem9eo37e,5,L,29,36,2.6,IBA154810,Early,0.5670731707317073,2217.424998260126,1271.1033660609548,0.17759094666996056,0.00017560721824972194
ID_106896_Zl2dzl,Pucqtyga9u,6,R,37,43,1.5,TMEB419,Early,0.5670731707317073,2897.5432560618333,1137.6007854182546,0.2293356574994555,5.0355635377209974e-05
ID_820530_Axdmox,Pw4ytibfql,2,R,28,35,1.4,TMEB419,Early,0.6890243902439024,3575.108218402397,1396.8850232566276,0.2639195042814802,0.0003540171917395738
ID_543302_Ce9sym,Yjzw2bylox,6,L,25,32,0.9,TMEB693,Early,0.524390243902439,2551.51399096047,1492.188474096903,0.18066456447795143,0.0003271685592875628
ID_381199_Gmjp9s,V6awcupt6m,6,L,34,41,0.2,TMEB693,Early,0.8963414634146342,6040.42711285847,1692.9927435153868,0.4283895474736432,0.00020433296280077093
ID_568055_Ynpzbb,Xydfltswbm,5,L,43,50,2.5,IBA154810,Early,0.6524390243902439,3982.200747606231,977.7307024699886,0.28981359489860425,3.8255401202774865e-05
ID_162495_Ppjteb,Pucqtyga9u,2,R,37,43,0.5,TMEB419,Early,0.5670731707317073,2897.5432560618333,1137.6007854182546,0.2293356574994555,5.0355635377209974e-05
ID_964010_Vm9kue,L8w7zu7wek,2,R,27,33,2.2,IITA-TMS-IBA000070,Early,0.6829268292682927,3323.434558403201,1648.8045661740186,0.24633700130218156,0.00012423795034282394
ID_375603_Gdqrl8,Kjvcz6bjfj,3,R,26,39,2.3,IBA980581,Early,0.6402439024390244,3068.4603904165874,2057.4045417599564,0.23562930858050635,0.00014995937367751245
ID_722021_Zddwq1,Rzyf8hal4j,3,L,32,40,3.0,IBA154810,Early,0.5487804878048781,2158.9960492762125,810.1959036850348,0.1620315714095876,0.0003384180837888711
ID_170847_F3fsoi,Lwuwokuhrf,1,R,15,30,3.1,TMEB419,Early,0.9939024390243902,4611.369436170997,1878.420801720968,0.3385707461880605,0.0004102205719981383
ID_754042_Owwqpa,Tbhppxjkvr,5,L,22,31,2.7,IBA980581,Early,0.6707317073170732,3783.3353215659536,1818.8396684600086,0.2719704358462381,0.00015309043088279915
ID_645074_Wwbbkm,Miny0c252a,2,R,28,35,2.8,IITA-TMS-IBA000070,Early,0.7317073170731707,3995.580706712676,2166.0740047547874,0.2911245372390852,9.174429042524583e-05
ID_712776_Muhdiq,Hzapvbcfm8,6,R,24,30,0.75,IBA154810,Early,1.0365853658536586,3802.9076632988163,1652.9139432209295,0.2886822393919292,0.00033341003625625084
ID_791725_Rhiidd,Toaefqwoli,6,L,37,47,0.5,TMEB419,Early,0.32926829268292684,1197.2145192216083,573.0135684129668,0.09773179748747822,0.00011392723147904544
ID_668337_Sbyzrp,Puya1uaaln,4,L,26,42,1.9,TMEB419,Early,0.4451219512195122,1455.3563932093177,1146.6440868842892,0.11224271880250353,0.00013521999175513023
ID_260577_Zumui0,Rzyf8hal4j,5,R,38,47,3.0,IBA154810,Early,0.5487804878048781,2158.9960492762125,810.1959036850348,0.1620315714095876,0.0003384180837888711
ID_757689_Dcife2,Vlcavd4dwj,3,L,34,42,2.8,IITA-TMS-IBA000070,Early,0.5487804878048781,2480.1511736613948,1434.9277805235329,0.17612079532120367,0.00011755786478226952
ID_322039_Ygm7e5,Cex3glsnzv,7,L,40,47,0.2,DIXON,Early,0.9939024390243902,5523.818296292933,1335.2501073697717,0.39912922447503557,0.00016156673551391342
ID_906453_Jtgmbn,Vlqr6qhbqk,6,L,48,55,1.8,IBA154810,Early,0.6646341463414634,2075.9133855307973,1007.9677805086461,0.15560539163798837,0.00018547801655361123
ID_547014_P8mj1g,S6lk1xauct,4,L,28,33,2.1,TMEB419,Early,0.3902439024390244,1463.7724158124227,710.986400604248,0.12078488217256643,0.0003502449595573753
ID_432631_Fnb8jf,Q91mym9ev4,3,R,22,30,1.7,TMEB693,Early,0.4024390243902439,2008.684172095322,885.0968814012481,0.1516503986656115,7.425295143155708e-05
ID_597793_X99k4f,Tbhppxjkvr,3,R,16,24,2.7,IBA980581,Early,0.6707317073170732,3783.3353215659536,1818.8396684600086,0.2719704358462381,0.00015309043088279915
ID_755935_Bzrkjq,Aevcaxguiw,2,L,8,16,4.2,IITA-TMS-IBA000070,Late,1.1951219512195121,3961.3477664110137,1463.5759061487709,0.2930857328564423,0.00018977159066509733
ID_325246_Pppt37,S6lk1xauct,3,R,24,39,2.3,TMEB419,Early,0.3902439024390244,1463.7724158124227,710.986400604248,0.12078488217256643,0.0003502449595573753
ID_175452_Du2oso,Dhfwcg1uj2,2,R,20,32,0.9,IBA154810,Early,1.1341463414634145,3281.4196513106185,1359.7278341898104,0.24166203020899632,0.00024100375580854013
ID_778253_Ffmftz,Rzyf8hal4j,4,L,32,40,1.8,IBA154810,Early,0.5487804878048781,2158.9960492762125,810.1959036850348,0.1620315714095876,0.0003384180837888711
ID_335091_Rceu2s,Ecxdebmlnr,1,R,25,36,0.3,IITA-TMS-IBA000070,Early,0.4817073170731707,2869.591641309785,935.6905145412538,0.20957533178437934,0.00013840772638685052
ID_753044_J7koen,Izbgyxre0g,5,R,22,33,2.2,IBA154810,Early,0.8963414634146342,5327.072115270103,2168.9836113162155,0.4033247882762597,0.00014579752967425845
ID_924076_Gqkl6j,Ph2ti2sjzu,4,L,22,35,4.2,IBA980581,Early,0.7012195121951219,3201.814254016411,1530.8430938720703,0.24112771758292725,0.00015120067115788934
ID_246322_Wcvxox,B8x7mhxe6z,7,L,23,33,0.8,IBA154810,Early,1.0121951219512195,4370.656577505716,1991.182390166492,0.3234718412249075,0.00025013703967474796
ID_871726_Heyzw6,Xydfltswbm,3,L,43,50,0.5,IBA154810,Early,0.6524390243902439,3982.200747606231,977.7307024699886,0.28981359489860425,3.8255401202774865e-05
ID_495384_Ezhnq9,Xrrcqvdbkw,3,R,27,36,2.1,IBA154810,Early,0.8902439024390244,5207.432427848257,1694.1017713779356,0.38969043534604064,0.00023745791636089057
ID_225072_B3txqy,Ah4ubi4ggi,3,R,27,44,3.1,IITA-TMS-IBA000070,Early,0.5365853658536586,2327.2339604075364,1576.1833056938358,0.1834355896299674,0.00016048322065393973
ID_290289_L4hhmq,L8w7zu7wek,5,L,33,51,2.9,IITA-TMS-IBA000070,Early,0.6829268292682927,3323.434558403201,1648.8045661740186,0.24633700130218156,0.00012423795034282394
ID_198688_Euc97b,F5lrpuuq8q,2,R,23,31,2.7,IBA980581,Early,0.6585365853658537,4052.777553837474,1508.5524085440286,0.29063512832461413,0.00017683719321891716
ID_224297_Plu8jf,Dhfwcg1uj2,6,L,20,32,0.9,IBA154810,Early,1.1341463414634145,3281.4196513106185,1359.7278341898104,0.24166203020899632,0.00024100375580854013
ID_375872_E2puro,Rzyf8hal4j,2,R,38,47,1.4,IBA154810,Early,0.5487804878048781,2158.9960492762125,810.1959036850348,0.1620315714095876,0.0003384180837888711
ID_327496_F9llgg,Klhqlr0ako,5,L,38,47,1.4,TMEB693,Early,0.40853658536585363,2763.027807933528,858.737378097162,0.20571536403555982,9.997923833274198e-05
ID_140931_Eidoxm,Lwuwokuhrf,7,L,25,40,3.1,TMEB419,Early,0.9939024390243902,4611.369436170997,1878.420801720968,0.3385707461880605,0.0004102205719981383
ID_287267_Egezfb,S6lk1xauct,4,R,24,39,2.1,TMEB419,Early,0.3902439024390244,1463.7724158124227,710.986400604248,0.12078488217256643,0.0003502449595573753
ID_194164_Bsrwho,Pucqtyga9u,4,R,37,43,1.4,TMEB419,Early,0.5670731707317073,2897.5432560618333,1137.6007854182546,0.2293356574994555,5.0355635377209974e-05
ID_789159_Aqdtho,Kcqzgef5an,7,L,18,27,0.0,TMEB693,Early,0.45121951219512196,3745.500967630526,1326.748740591654,0.2696751602257763,6.336772202731827e-05
ID_309524_Tsywg8,Kjvcz6bjfj,4,R,26,39,2.1,IBA980581,Early,0.6402439024390244,3068.4603904165874,2057.4045417599564,0.23562930858050635,0.00014995937367751245
ID_526113_Y4b17u,A6dzrkjqvl,4,L,33,42,1.8,IITA-TMS-IBA000070,Early,0.32926829268292684,1388.119464502102,802.1555079948612,0.10912888869816183,0.0003074391607962801
ID_105069_Ivzzqa,Jtcfkuovxk,5,L,18,26,2.1,TMEB693,Early,0.43902439024390244,2118.3971713926735,1367.8813960377763,0.15151772717627052,0.0001905011045641381
ID_761355_Ksxzhs,Hzapvbcfm8,2,R,24,30,1.7,IBA154810,Early,1.0365853658536586,3802.9076632988163,1652.9139432209295,0.2886822393919292,0.00033341003625625084
ID_502352_Sz2zeb,Hzapvbcfm8,4,L,19,35,1.4,IBA154810,Early,1.0365853658536586,3802.9076632988163,1652.9139432209295,0.2886822393919292,0.00033341003625625084
ID_964577_Dvzz6h,Ummqfuetoc,2,R,17,26,2.2,IBA980581,Early,0.7012195121951219,3274.6210807242046,1829.7320910197932,0.2359671833298789,0.00014764524296996155
ID_458058_L3ygsi,V6awcupt6m,5,L,34,41,0.8,TMEB693,Early,0.8963414634146342,6040.42711285847,1692.9927435153868,0.4283895474736432,0.00020433296280077093
ID_934120_Rpwsrz,Ceibvxd51g,3,R,37,45,0.1,DIXON,Early,0.40853658536585363,1370.3631368497522,858.375166730183,0.11051705290253624,8.116885447570206e-05
ID_185883_Bt6qfa,Ot13d4nq6t,2,L,41,50,0.5,DIXON,Early,0.6829268292682927,3285.688712887648,1500.620337137362,0.2501184787624141,0.00010408424843640968
ID_388923_Vspgeb,Jtcfkuovxk,4,L,18,26,0.4,TMEB693,Early,0.43902439024390244,2118.3971713926735,1367.8813960377763,0.15151772717627052,0.0001905011045641381
ID_228448_Fpjidx,Pucqtyga9u,4,L,30,40,1.4,TMEB419,Early,0.5670731707317073,2897.5432560618333,1137.6007854182546,0.2293356574994555,5.0355635377209974e-05
ID_402352_Ghl6ae,Pw4ytibfql,6,L,25,32,1.4,TMEB419,Early,0.6890243902439024,3575.108218402397,1396.8850232566276,0.2639195042814802,0.0003540171917395738
ID_338368_Lpb5hs,Xdi1ipcemf,5,L,21,28,3.8,IITA-TMS-IBA000070,Early,0.5548780487804879,2967.44250739493,1271.9512250016376,0.2141916389586186,0.0002469845536560207
ID_942723_U6r0cz,Bs8ueatyis,6,L,33,42,1.8,TMEB693,Early,0.34146341463414637,1495.0723536421613,546.786343644305,0.10388904572707927,9.412315689841157e-05
ID_173595_Oveu0u,F1p0lhe1ij,1,R,30,37,2.9,IITA-TMS-IBA000070,Early,0.8536585365853658,3922.536594297828,1642.20654296875,0.26992583116601787,0.00012140544279762549
ID_708233_Phevgh,Bs8ueatyis,7,L,33,42,0.4,TMEB693,Early,0.34146341463414637,1495.0723536421613,546.786343644305,0.10388904572707927,9.412315689841157e-05
ID_183767_Vuz2mr,Lsdgz02kdp,4,L,29,40,1.7,TMEB693,Early,0.5914634146341463,2319.477514499571,1168.2913736482947,0.16078135680862712,0.0002139661407784476
ID_884519_Vdztlr,B5myqsh1wi,5,R,26,35,0.1,TMEB419,Early,0.3353658536585366,1601.543986808963,838.0350756761504,0.1308774727884799,7.940380484583707e-05
ID_870170_Tfgnvr,Hc3b9gicdo,1,R,29,38,1.9,IITA-TMS-IBA000070,Early,0.5548780487804879,4105.935591348788,1488.9588948691764,0.29892412727925394,0.00016536060802093886
ID_579277_S5z2ov,B8x7mhxe6z,5,R,20,30,6.6,IBA154810,Early,1.0121951219512195,4370.656577505716,1991.182390166492,0.3234718412249075,0.00025013703967474796
ID_778776_Jbjg2v,Mrw7chmalv,5,L,18,23,0.9,IBA154810,Early,0.5121951219512195,2919.1319256294064,1258.2120633009004,0.22839224465065047,0.00025095775050100526
ID_598878_Hoeecl,Up8aqujy0s,6,R,25,33,4.9,IBA154810,Early,0.5853658536585366,2477.31790905464,1157.3683374916634,0.18515318918854154,0.00010001737274158849
ID_744473_Wa9j0w,Ceibvxd51g,4,R,37,45,0.7,DIXON,Early,0.40853658536585363,1370.3631368497522,858.375166730183,0.11051705290253624,8.116885447570206e-05
ID_546186_R7be7y,Ah4ubi4ggi,5,L,42,49,3.1,IITA-TMS-IBA000070,Early,0.5365853658536586,2327.2339604075364,1576.1833056938358,0.1834355896299674,0.00016048322065393973
ID_422138_Vqhuqf,Mskdmpitqk,2,L,21,36,1.7,TMEB419,Early,0.8353658536585366,3137.1339856124505,1423.301626112403,0.24627700414214437,0.0005725939872766287
ID_635513_Jn1fnv,Ceibvxd51g,6,R,37,45,0.5,DIXON,Early,0.40853658536585363,1370.3631368497522,858.375166730183,0.11051705290253624,8.116885447570206e-05
ID_261694_Oa4ssj,Td901zykbu,3,L,8,14,2.3,TMEB419,Late,1.2682926829268293,4690.82619383277,2294.9733629924494,0.3598915293718559,0.00023285856997374874
ID_355808_Brk59j,Mrw7chmalv,6,L,18,23,3.3,IBA154810,Early,0.5121951219512195,2919.1319256294064,1258.2120633009004,0.22839224465065047,0.00025095775050100526
ID_375447_Zarog3,Yznlv6wrsh,2,R,45,53,0.7,DIXON,Early,0.7073170731707317,3309.9615523175494,1655.0595851991234,0.2604431453247711,0.00014253700024054457
ID_371892_Zfw9o2,Ynjc34lyjb,6,L,10,16,4.0,TMEB693,Late,1.2560975609756098,4538.190946532459,1640.8673210144043,0.32861513660802405,0.0002505798605656391
ID_684744_C8mesi,Lsdgz02kdp,2,R,17,27,1.4,TMEB693,Early,0.5914634146341463,2319.477514499571,1168.2913736482947,0.16078135680862712,0.0002139661407784476
ID_373357_Xwidqe,Izbgyxre0g,3,L,24,37,2.2,IBA154810,Early,0.8963414634146342,5327.072115270103,2168.9836113162155,0.4033247882762597,0.00014579752967425845
ID_264213_Cgtotk,L8w7zu7wek,6,L,33,51,2.2,IITA-TMS-IBA000070,Early,0.6829268292682927,3323.434558403201,1648.8045661740186,0.24633700130218156,0.00012423795034282394
ID_360687_Uisdbc,Yxmmb4wt55,5,R,17,32,1.8,IITA-TMS-IBA000070,Early,0.39634146341463417,1743.6989288330078,1077.90441410716,0.13164181315145224,0.00010022167665733206
ID_788219_Xfqpis,Vlqr6qhbqk,7,L,48,55,1.7,IBA154810,Early,0.6646341463414634,2075.9133855307973,1007.9677805086461,0.15560539163798837,0.00018547801655361123
ID_514740_Z6tjqi,Mrw7chmalv,2,R,30,43,3.3,IBA154810,Early,0.5121951219512195,2919.1319256294064,1258.2120633009004,0.22839224465065047,0.00025095775050100526
ID_367984_Bytnqc,Up8aqujy0s,3,R,25,33,1.8,IBA154810,Early,0.5853658536585366,2477.31790905464,1157.3683374916634,0.18515318918854154,0.00010001737274158849
ID_692153_Vihmpz,Mpmvh2mgm3,3,R,24,38,6.3,TMEB419,Early,1.0365853658536586,6484.842064462057,1592.8447991347894,0.4503554768985759,0.0003162432316042039
ID_713907_Yoe0xx,Mpmvh2mgm3,5,L,32,40,6.3,TMEB419,Early,1.0365853658536586,6484.842064462057,1592.8447991347894,0.4503554768985759,0.0003162432316042039
ID_401529_Uyzasm,Ox18ob0syv,4,L,25,32,2.7,IBA980581,Early,0.524390243902439,2013.3662384312327,840.9430571300228,0.15366164687264905,0.00018075922240798153
ID_348064_Kojgm2,Lsdgz02kdp,6,L,29,40,1.4,TMEB693,Early,0.5914634146341463,2319.477514499571,1168.2913736482947,0.16078135680862712,0.0002139661407784476
ID_931181_Fkqros,Ummqfuetoc,6,L,25,32,2.2,IBA980581,Early,0.7012195121951219,3274.6210807242046,1829.7320910197932,0.2359671833298789,0.00014764524296996155
ID_926744_Whuinw,Efaiye0hmy,3,R,20,30,2.3,IBA980581,Early,0.9512195121951219,5066.690476580364,1357.8267338450362,0.34616930813056324,0.0001587321889391322
ID_108603_Ymh5st,Oipmzygepq,1,R,32,39,2.9,TMEB693,Early,0.3475609756097561,1452.414651638124,739.0536986560356,0.10284838040473873,7.355700460284511e-05
ID_641773_Arvdbh,Ntqusw7xpb,3,L,19,31,3.5,TMEB419,Early,0.4146341463414634,1755.9463303961404,526.0357290360986,0.1220255858917353,0.0004343669685198907
ID_560934_Foqzoq,Qhqftdiz4q,3,L,28,38,1.9,IITA-TMS-IBA000070,Early,0.6890243902439024,2359.6622883401265,1054.861683496615,0.18677454641364435,0.0007253805356328529
ID_517102_H0gded,S11rphogci,5,R,25,35,1.7,IBA154810,Early,0.5670731707317073,1995.3098840480898,1213.894919418707,0.14125087668470124,0.00019406508695038815
ID_627706_Jbbmfl,Geksu5kuf3,5,R,35,44,1.5,TMEB693,Early,0.5304878048780488,2506.0343828899104,1337.20750687762,0.1955061935569432,0.00011061846059819543
ID_538395_Ysc6pg,P3om3dfa78,5,R,21,31,3.1,TMEB419,Early,0.6158536585365854,3823.93012451544,1923.5054299889541,0.27461448275713213,0.000137508341502021
ID_820629_E0cmbu,S11rphogci,4,L,20,34,0.9,IBA154810,Early,0.5670731707317073,1995.3098840480898,1213.894919418707,0.14125087668470124,0.00019406508695038815
ID_675049_Lu9jim,Kjvcz6bjfj,4,L,24,36,2.1,IBA980581,Early,0.6402439024390244,3068.4603904165874,2057.4045417599564,0.23562930858050635,0.00014995937367751245
ID_646686_Imbjg8,Vwsx0beaxb,4,R,19,28,2.9,IBA980581,Early,0.5487804878048781,2827.6752646841655,1717.5489784798972,0.2224415956421633,0.00010765407805667818
ID_788890_Vpavbg,M4stkh3qez,3,R,26,34,1.7,IBA980581,Early,0.2865853658536585,1333.000532568955,577.6596757842274,0.10853474927848968,4.935139518814955e-05
ID_460509_Hshszf,Ubgsvkns3h,2,L,33,40,0.15,IKN130010,Early,0.4329268292682927,2586.356433403201,1087.3934207078887,0.20740807941806974,4.6229606340243375e-05
ID_552448_Xdrijw,Geksu5kuf3,4,R,35,44,2.5,TMEB693,Early,0.5304878048780488,2506.0343828899104,1337.20750687762,0.1955061935569432,0.00011061846059819543
ID_858876_Vraxy7,Xdi1ipcemf,2,R,32,38,4.3,IITA-TMS-IBA000070,Early,0.5548780487804879,2967.44250739493,1271.9512250016376,0.2141916389586186,0.0002469845536560207
ID_769193_Hzpyfs,Vwsx0beaxb,4,L,27,39,2.9,IBA980581,Early,0.5487804878048781,2827.6752646841655,1717.5489784798972,0.2224415956421633,0.00010765407805667818
ID_504614_Uq7up4,Ph2ti2sjzu,6,L,22,35,3.1,IBA980581,Early,0.7012195121951219,3201.814254016411,1530.8430938720703,0.24112771758292725,0.00015120067115788934
ID_384233_G1mzyk,Up8aqujy0s,6,L,29,40,1.7,IBA154810,Early,0.5853658536585366,2477.31790905464,1157.3683374916634,0.18515318918854154,0.00010001737274158849
ID_421709_Tt7kdq,Tbhppxjkvr,4,R,16,24,2.3,IBA980581,Early,0.6707317073170732,3783.3353215659536,1818.8396684600086,0.2719704358462381,0.00015309043088279915
ID_737941_Ojh6bl,Ypktwvqjbn,4,L,33,41,0.9,IBA154810,Early,0.5853658536585366,2794.193876685166,1216.353571449838,0.20875025069536163,9.76315291301426e-05
ID_628568_Jox84g,Pfp24vx905,4,R,27,34,2.6,TMEB419,Early,0.7317073170731707,3179.561064650373,1636.908242295428,0.22383763184306876,0.00020254726562297056
ID_164571_C087eg,Qhqftdiz4q,4,L,28,38,4.5,IITA-TMS-IBA000070,Early,0.6890243902439024,2359.6622883401265,1054.861683496615,0.18677454641364435,0.0007253805356328529
ID_260420_Q52c06,Ummqfuetoc,3,R,17,26,2.1,IBA980581,Early,0.7012195121951219,3274.6210807242046,1829.7320910197932,0.2359671833298789,0.00014764524296996155
ID_968227_Swsts5,Vlqr6qhbqk,4,L,48,55,0.8,IBA154810,Early,0.6646341463414634,2075.9133855307973,1007.9677805086461,0.15560539163798837,0.00018547801655361123
ID_339012_Ng2xvo,Q4uyruus4j,2,R,27,33,1.5,IBA980581,Early,1.0975609756097562,4812.842926025391,1845.8140984511956,0.3340496232341723,0.0001906543666747211
ID_162228_Fl5bjt,Yznlv6wrsh,2,L,30,39,0.5,DIXON,Early,0.7073170731707317,3309.9615523175494,1655.0595851991234,0.2604431453247711,0.00014253700024054457
ID_433485_Jp0jac,Yxmmb4wt55,6,R,17,32,3.0,IITA-TMS-IBA000070,Early,0.39634146341463417,1743.6989288330078,1077.90441410716,0.13164181315145224,0.00010022167665733206
ID_884180_Ixz9ew,Yznlv6wrsh,6,R,45,53,0.5,DIXON,Early,0.7073170731707317,3309.9615523175494,1655.0595851991234,0.2604431453247711,0.00014253700024054457
ID_467038_Nqf1lb,L5l1h3kekg,2,R,40,47,2.5,IITA-TMS-IBA000070,Early,0.7317073170731707,4209.169436291951,1717.0356353201516,0.3076381714379628,0.00020858321739205773
ID_805678_Um0fgy,Puya1uaaln,5,L,26,42,3.8,TMEB419,Early,0.4451219512195122,1455.3563932093177,1146.6440868842892,0.11224271880250353,0.00013521999175513023
ID_945384_D2zruc,Miny0c252a,1,R,28,35,2.5,IITA-TMS-IBA000070,Early,0.7317073170731707,3995.580706712676,2166.0740047547874,0.2911245372390852,9.174429042524583e-05
ID_336490_Bums0z,Lsdgz02kdp,1,R,17,27,2.1,TMEB693,Early,0.5914634146341463,2319.477514499571,1168.2913736482947,0.16078135680862712,0.0002139661407784476
ID_715148_B79wid,F1p0lhe1ij,2,R,30,37,2.3,IITA-TMS-IBA000070,Early,0.8536585365853658,3922.536594297828,1642.20654296875,0.26992583116601787,0.00012140544279762549
ID_352618_Bkgck9,F5lrpuuq8q,4,R,23,31,6.3,IBA980581,Early,0.6585365853658537,4052.777553837474,1508.5524085440286,0.29063512832461413,0.00017683719321891716
ID_258788_Bsotub,Xrrcqvdbkw,6,R,27,36,2.2,IBA154810,Early,0.8902439024390244,5207.432427848257,1694.1017713779356,0.38969043534604064,0.00023745791636089057
ID_919400_Gdvbfj,F5lrpuuq8q,5,R,23,31,2.3,IBA980581,Early,0.6585365853658537,4052.777553837474,1508.5524085440286,0.29063512832461413,0.00017683719321891716
ID_920387_Xgva6e,Dhfwcg1uj2,4,L,20,32,3.1,IBA154810,Early,1.1341463414634145,3281.4196513106185,1359.7278341898104,0.24166203020899632,0.00024100375580854013
ID_218181_Znuc4o,Ubgsvkns3h,6,R,17,26,0.15,IKN130010,Early,0.4329268292682927,2586.356433403201,1087.3934207078887,0.20740807941806974,4.6229606340243375e-05
ID_360463_P9hx91,J0zdanvgrq,5,L,10,20,2.9,TMEB693,Late,0.9695121951219512,3739.948161055402,1735.7262253179783,0.2883554879684762,0.0001595005335606306
ID_322158_S6zaav,Cex3glsnzv,4,L,40,47,0.8,DIXON,Early,0.9939024390243902,5523.818296292933,1335.2501073697717,0.39912922447503557,0.00016156673551391342
ID_410473_Jw3xrp,Nrse2plksd,5,R,25,35,0.8,TMEB693,Early,0.5670731707317073,2578.4332026039683,1368.9543252340177,0.1868828104480168,0.00017875448447796143
ID_252955_Sbkenf,Tbhppxjkvr,6,L,22,31,1.9,IBA980581,Early,0.6707317073170732,3783.3353215659536,1818.8396684600086,0.2719704358462381,0.00015309043088279915
ID_635510_Owmilz,Mskdmpitqk,6,R,27,36,1.7,TMEB419,Early,0.8353658536585366,3137.1339856124505,1423.301626112403,0.24627700414214437,0.0005725939872766287
ID_696696_Zi3xpb,Lsdgz02kdp,3,R,17,27,0.8,TMEB693,Early,0.5914634146341463,2319.477514499571,1168.2913736482947,0.16078135680862712,0.0002139661407784476
ID_553304_Oevhga,Bb02c5k7wm,3,L,22,31,1.3,TMEB693,Early,0.5609756097560976,3451.874693917065,1305.2600847802512,0.266645380506652,0.0004049972060197774
ID_398135_Rfvny0,V6awcupt6m,3,L,34,41,2.3,TMEB693,Early,0.8963414634146342,6040.42711285847,1692.9927435153868,0.4283895474736432,0.00020433296280077093
ID_229271_Lu8wjw,Xdi1ipcemf,3,L,21,28,4.2,IITA-TMS-IBA000070,Early,0.5548780487804879,2967.44250739493,1271.9512250016376,0.2141916389586186,0.0002469845536560207
ID_508953_I9a4sr,H9lomh5fxk,4,L,40,50,1.7,TMEB419,Early,0.4146341463414634,1253.4354283402606,839.9741653814549,0.09916845039228955,0.00020768357135539652
ID_571092_My8cmf,Efaiye0hmy,5,R,20,30,1.4,IBA980581,Early,0.9512195121951219,5066.690476580364,1357.8267338450362,0.34616930813056324,0.0001587321889391322
ID_676787_Ggdmoz,Toaefqwoli,4,L,37,47,1.4,TMEB419,Early,0.32926829268292684,1197.2145192216083,573.0135684129668,0.09773179748747822,0.00011392723147904544
ID_723964_Ywt632,Pucqtyga9u,6,L,30,40,0.5,TMEB419,Early,0.5670731707317073,2897.5432560618333,1137.6007854182546,0.2293356574994555,5.0355635377209974e-05
ID_515421_Gwmjch,Ot13d4nq6t,6,L,41,50,0.8,DIXON,Early,0.6829268292682927,3285.688712887648,1500.620337137362,0.2501184787624141,0.00010408424843640968
ID_321332_Jptlgu,Pw4ytibfql,4,R,28,35,1.5,TMEB419,Early,0.6890243902439024,3575.108218402397,1396.8850232566276,0.2639195042814802,0.0003540171917395738
ID_648472_Eemzrc,Miny0c252a,3,R,28,35,1.3,IITA-TMS-IBA000070,Early,0.7317073170731707,3995.580706712676,2166.0740047547874,0.2911245372390852,9.174429042524583e-05
ID_289209_Svhhys,Jrem9eo37e,5,R,23,41,2.2,IBA154810,Early,0.5670731707317073,2217.424998260126,1271.1033660609548,0.17759094666996056,0.00017560721824972194
ID_695942_B3yk9p,Mpmvh2mgm3,5,R,24,38,4.9,TMEB419,Early,1.0365853658536586,6484.842064462057,1592.8447991347894,0.4503554768985759,0.0003162432316042039
ID_596196_Bc1mep,Up8aqujy0s,3,L,29,40,3.1,IBA154810,Early,0.5853658536585366,2477.31790905464,1157.3683374916634,0.18515318918854154,0.00010001737274158849
ID_794496_Oete9q,Up8aqujy0s,2,L,29,40,4.9,IBA154810,Early,0.5853658536585366,2477.31790905464,1157.3683374916634,0.18515318918854154,0.00010001737274158849
ID_347154_Yy34th,Dz9lpsl9ae,3,R,45,50,1.4,TMEB419,Early,0.43902439024390244,2234.791853276695,1204.7524483843547,0.18454353616549013,0.00017501899311990916
ID_834002_Jhc8iv,A2miww5mfx,2,L,10,23,4.2,IITA-TMS-IBA000070,Late,2.2439024390243905,7979.289913642697,1936.0948244420495,0.6188972152125141,0.00022175279681046334
ID_925888_H532kw,Up8aqujy0s,2,R,25,33,1.7,IBA154810,Early,0.5853658536585366,2477.31790905464,1157.3683374916634,0.18515318918854154,0.00010001737274158849
ID_188457_Hmxnza,Mskdmpitqk,5,L,21,36,1.4,TMEB419,Early,0.8353658536585366,3137.1339856124505,1423.301626112403,0.24627700414214437,0.0005725939872766287
ID_413602_Qw1lqp,Kjvcz6bjfj,6,L,24,36,3.3,IBA980581,Early,0.6402439024390244,3068.4603904165874,2057.4045417599564,0.23562930858050635,0.00014995937367751245
ID_862682_Lypcug,A6dzrkjqvl,6,L,33,42,0.1,IITA-TMS-IBA000070,Early,0.32926829268292684,1388.119464502102,802.1555079948612,0.10912888869816183,0.0003074391607962801
ID_192460_Svipuz,Ifqbqqrika,6,R,20,25,1.4,TMEB693,Early,0.5,1361.8976122228112,998.660937239484,0.10691409574715192,0.0005065803961376962
ID_677828_Vrcdwa,Xdi1ipcemf,3,R,32,38,3.8,IITA-TMS-IBA000070,Early,0.5548780487804879,2967.44250739493,1271.9512250016376,0.2141916389586186,0.0002469845536560207
ID_333842_C2uq6i,Cex3glsnzv,3,L,40,47,0.8,DIXON,Early,0.9939024390243902,5523.818296292933,1335.2501073697717,0.39912922447503557,0.00016156673551391342
ID_592091_Zv1yr1,Kjvcz6bjfj,2,R,26,39,3.3,IBA980581,Early,0.6402439024390244,3068.4603904165874,2057.4045417599564,0.23562930858050635,0.00014995937367751245
ID_834189_Vlamc8,Hzapvbcfm8,2,L,19,35,0.75,IBA154810,Early,1.0365853658536586,3802.9076632988163,1652.9139432209295,0.2886822393919292,0.00033341003625625084
ID_606851_Eqs9td,Vinlgebupo,4,L,23,29,0.8,IBA980581,Early,0.21951219512195122,626.8966905082144,440.8197050792415,0.0519167684439678,0.00028186213136984335
ID_874879_Ghp3rr,Yznlv6wrsh,3,R,45,53,1.4,DIXON,Early,0.7073170731707317,3309.9615523175494,1655.0595851991234,0.2604431453247711,0.00014253700024054457
ID_936141_Ejgfge,Qhqftdiz4q,5,L,28,38,2.3,IITA-TMS-IBA000070,Early,0.6890243902439024,2359.6622883401265,1054.861683496615,0.18677454641364435,0.0007253805356328529
ID_378076_Nrudei,Lzkaccojep,4,R,16,25,6.2,TMEB419,Early,0.8475609756097561,3028.423500061035,1676.1673288112734,0.22391771656875686,0.00020530426915873942
ID_455077_Fdecx1,Rxxe9bh6qn,6,L,31,40,0.8,IBA980581,Early,0.4329268292682927,1778.670619592434,836.0851510210736,0.13434789146551152,0.0008418434683859801
ID_968546_Odnars,Ifqbqqrika,5,L,26,32,0.3,TMEB693,Early,0.5,1361.8976122228112,998.660937239484,0.10691409574715192,0.0005065803961376962
ID_840378_Tsgipd,Q4uyruus4j,4,L,33,45,2.8,IBA980581,Early,1.0975609756097562,4812.842926025391,1845.8140984511956,0.3340496232341723,0.0001906543666747211
ID_441775_Meft8t,L5l1h3kekg,4,R,40,47,1.4,IITA-TMS-IBA000070,Early,0.7317073170731707,4209.169436291951,1717.0356353201516,0.3076381714379628,0.00020858321739205773
ID_780516_Qapi7e,Lwuwokuhrf,3,L,25,40,5.8,TMEB419,Early,0.9939024390243902,4611.369436170997,1878.420801720968,0.3385707461880605,0.0004102205719981383
ID_534972_G3uqjv,Hzapvbcfm8,6,L,19,35,1.7,IBA154810,Early,1.0365853658536586,3802.9076632988163,1652.9139432209295,0.2886822393919292,0.00033341003625625084
ID_438041_Ccgrlo,Puya1uaaln,5,R,16,37,0.8,TMEB419,Early,0.4451219512195122,1455.3563932093177,1146.6440868842892,0.11224271880250353,0.00013521999175513023
ID_172124_Tegada,Jrem9eo37e,2,L,29,36,2.1,IBA154810,Early,0.5670731707317073,2217.424998260126,1271.1033660609548,0.17759094666996056,0.00017560721824972194
ID_902568_H7rugg,Nrse2plksd,3,L,19,30,0.8,TMEB693,Early,0.5670731707317073,2578.4332026039683,1368.9543252340177,0.1868828104480168,0.00017875448447796143
ID_717965_Ps4xjq,Ypktwvqjbn,3,L,33,41,1.5,IBA154810,Early,0.5853658536585366,2794.193876685166,1216.353571449838,0.20875025069536163,9.76315291301426e-05
ID_643743_Vofy0n,Sauopakhvn,3,R,21,45,3.5,TMEB419,Early,0.4146341463414634,2981.4646599002,1088.476780589034,0.20576015596274674,6.223756165711763e-05
ID_624313_Mahwp7,H9lomh5fxk,3,L,40,50,0.8,TMEB419,Early,0.4146341463414634,1253.4354283402606,839.9741653814549,0.09916845039228955,0.00020768357135539652
ID_302485_Lrml8f,Q91mym9ev4,5,L,22,33,1.7,TMEB693,Early,0.4024390243902439,2008.684172095322,885.0968814012481,0.1516503986656115,7.425295143155708e-05
ID_117194_Z3xwja,Xrrcqvdbkw,4,R,27,36,3.8,IBA154810,Early,0.8902439024390244,5207.432427848257,1694.1017713779356,0.38969043534604064,0.00023745791636089057
ID_415986_Vzh4h9,Q4uyruus4j,6,L,33,45,1.5,IBA980581,Early,1.0975609756097562,4812.842926025391,1845.8140984511956,0.3340496232341723,0.0001906543666747211
ID_219723_Urg3bc,Puya1uaaln,6,R,16,37,2.1,TMEB419,Early,0.4451219512195122,1455.3563932093177,1146.6440868842892,0.11224271880250353,0.00013521999175513023
ID_532248_Ciqsii,Nrse2plksd,4,L,19,30,2.5,TMEB693,Early,0.5670731707317073,2578.4332026039683,1368.9543252340177,0.1868828104480168,0.00017875448447796143
ID_891590_Kvyxwd,Ntqusw7xpb,5,R,37,46,3.5,TMEB419,Early,0.4146341463414634,1755.9463303961404,526.0357290360986,0.1220255858917353,0.0004343669685198907
ID_849674_Eal3zo,Mpmvh2mgm3,6,L,32,40,4.9,TMEB419,Early,1.0365853658536586,6484.842064462057,1592.8447991347894,0.4503554768985759,0.0003162432316042039
ID_989244_Vl166b,Gawaekzxou,2,L,10,22,2.6,TMEB419,Late,0.8414634146341463,2717.743284085902,1448.47586971376,0.2035419783597968,0.00027677007947711404
ID_607500_V2uzg1,Hc3b9gicdo,7,L,37,45,1.9,IITA-TMS-IBA000070,Early,0.5548780487804879,4105.935591348788,1488.9588948691764,0.29892412727925394,0.00016536060802093886
ID_651873_Swew3v,Ifqbqqrika,4,R,20,25,0.4,TMEB693,Early,0.5,1361.8976122228112,998.660937239484,0.10691409574715192,0.0005065803961376962
ID_696498_Kmv3tj,Lnkljfdtgh,1,R,23,43,2.9,IBA980581,Early,1.3658536585365855,5479.061318653386,2218.0449478335495,0.37450863422101066,0.00038310538417603594
ID_675873_Xxholo,Jtcfkuovxk,3,R,28,45,2.1,TMEB693,Early,0.43902439024390244,2118.3971713926735,1367.8813960377763,0.15151772717627052,0.0001905011045641381
ID_273699_Sfshmj,Bs8ueatyis,5,L,33,42,0.2,TMEB693,Early,0.34146341463414637,1495.0723536421613,546.786343644305,0.10388904572707927,9.412315689841157e-05
ID_473931_A7uktd,Pctl4tyb9l,3,L,46,53,0.8,IITA-TMS-IBA000070,Early,0.2682926829268293,1716.302889195884,833.5418046160443,0.13250876699176853,2.9664783598341043e-05
ID_155623_Imbwek,Kjvcz6bjfj,5,L,24,36,2.3,IBA980581,Early,0.6402439024390244,3068.4603904165874,2057.4045417599564,0.23562930858050635,0.00014995937367751245
ID_774461_Njabwt,S11rphogci,3,L,20,34,1.7,IBA154810,Early,0.5670731707317073,1995.3098840480898,1213.894919418707,0.14125087668470124,0.00019406508695038815
ID_816451_Ihxfw8,Zbjyzgqwtu,4,L,22,30,0.8,IITA-TMS-IBA000070,Early,0.4329268292682927,2541.537231073147,924.4432652171065,0.18152626813814254,6.644973970719098e-05
ID_884849_Bmtyoy,Pfp24vx905,3,R,27,34,1.7,TMEB419,Early,0.7317073170731707,3179.561064650373,1636.908242295428,0.22383763184306876,0.00020254726562297056
ID_695272_Uayixd,Miny0c252a,5,R,28,35,1.7,IITA-TMS-IBA000070,Early,0.7317073170731707,3995.580706712676,2166.0740047547874,0.2911245372390852,9.174429042524583e-05
ID_557942_Vj7t89,Bs8ueatyis,4,L,33,42,0.7,TMEB693,Early,0.34146341463414637,1495.0723536421613,546.786343644305,0.10388904572707927,9.412315689841157e-05
ID_622884_R2ybkc,Lsdgz02kdp,5,L,29,40,0.8,TMEB693,Early,0.5914634146341463,2319.477514499571,1168.2913736482947,0.16078135680862712,0.0002139661407784476
ID_776620_Lnlqu2,Sauopakhvn,4,L,19,40,0.5,TMEB419,Early,0.4146341463414634,2981.4646599002,1088.476780589034,0.20576015596274674,6.223756165711763e-05
ID_853674_Bme8ct,B5myqsh1wi,3,R,26,35,0.0,TMEB419,Early,0.3353658536585366,1601.543986808963,838.0350756761504,0.1308774727884799,7.940380484583707e-05
ID_469998_Ujd7fd,Tbhppxjkvr,5,R,16,24,2.9,IBA980581,Early,0.6707317073170732,3783.3353215659536,1818.8396684600086,0.2719704358462381,0.00015309043088279915
ID_473579_Qyszun,V6awcupt6m,3,R,28,39,0.8,TMEB693,Early,0.8963414634146342,6040.42711285847,1692.9927435153868,0.4283895474736432,0.00020433296280077093
ID_344415_Yq8a1o,Rzyf8hal4j,6,L,32,40,1.4,IBA154810,Early,0.5487804878048781,2158.9960492762125,810.1959036850348,0.1620315714095876,0.0003384180837888711
ID_700742_Mn3cha,Cvdxhjziab,3,L,10,23,5.9,IITA-TMS-IBA000070,Late,1.6341463414634145,6601.491062815597,1920.0580020067168,0.5009245002746842,0.00013747956638876635
ID_910467_Lvx1ds,V6awcupt6m,2,R,28,39,0.2,TMEB693,Early,0.8963414634146342,6040.42711285847,1692.9927435153868,0.4283895474736432,0.00020433296280077093
ID_990602_Nvmm63,Pucqtyga9u,2,L,30,40,1.5,TMEB419,Early,0.5670731707317073,2897.5432560618333,1137.6007854182546,0.2293356574994555,5.0355635377209974e-05
ID_831193_Ey2b8z,S11rphogci,2,R,25,35,2.1,IBA154810,Early,0.5670731707317073,1995.3098840480898,1213.894919418707,0.14125087668470124,0.00019406508695038815
ID_276142_T0pxsx,Vlqr6qhbqk,4,R,32,40,0.8,IBA154810,Early,0.6646341463414634,2075.9133855307973,1007.9677805086461,0.15560539163798837,0.00018547801655361123
ID_602978_Radio2,Yznlv6wrsh,4,R,45,53,1.5,DIXON,Early,0.7073170731707317,3309.9615523175494,1655.0595851991234,0.2604431453247711,0.00014253700024054457
ID_711770_G0ngy3,Tbhppxjkvr,7,L,22,31,2.3,IBA980581,Early,0.6707317073170732,3783.3353215659536,1818.8396684600086,0.2719704358462381,0.00015309043088279915
ID_307257_Kzg6ft,Ph2ti2sjzu,2,L,22,35,0.0,IBA980581,Early,0.7012195121951219,3201.814254016411,1530.8430938720703,0.24112771758292725,0.00015120067115788934
ID_366141_F1cfzq,S11rphogci,4,R,25,35,0.9,IBA154810,Early,0.5670731707317073,1995.3098840480898,1213.894919418707,0.14125087668470124,0.00019406508695038815
ID_872906_Rkqbkw,Kjvcz6bjfj,2,L,24,36,2.3,IBA980581,Early,0.6402439024390244,3068.4603904165874,2057.4045417599564,0.23562930858050635,0.00014995937367751245
ID_660348_Duhci3,Ah4ubi4ggi,6,L,42,49,11.0,IITA-TMS-IBA000070,Early,0.5365853658536586,2327.2339604075364,1576.1833056938358,0.1834355896299674,0.00016048322065393973
ID_246628_Hvqjjx,Wgutyon8uu,4,L,18,45,2.2,TMEB419,Early,0.6219512195121951,3868.997093293725,1304.1284052220788,0.2700032892191215,0.00012472040768601408
ID_217660_Vly1am,Ifqbqqrika,2,R,20,25,0.8,TMEB693,Early,0.5,1361.8976122228112,998.660937239484,0.10691409574715192,0.0005065803961376962
ID_171046_Qj2ln4,Efaiye0hmy,4,R,20,30,2.8,IBA980581,Early,0.9512195121951219,5066.690476580364,1357.8267338450362,0.34616930813056324,0.0001587321889391322
ID_292232_Xpdtdg,Up8aqujy0s,5,R,25,33,3.1,IBA154810,Early,0.5853658536585366,2477.31790905464,1157.3683374916634,0.18515318918854154,0.00010001737274158849
ID_616877_Zht9zp,Rzyf8hal4j,4,R,38,47,1.8,IBA154810,Early,0.5487804878048781,2158.9960492762125,810.1959036850348,0.1620315714095876,0.0003384180837888711
ID_401211_Cni840,Ifqbqqrika,4,L,26,32,0.4,TMEB693,Early,0.5,1361.8976122228112,998.660937239484,0.10691409574715192,0.0005065803961376962
ID_750020_Djqltk,Ceibvxd51g,5,R,37,45,0.1,DIXON,Early,0.40853658536585363,1370.3631368497522,858.375166730183,0.11051705290253624,8.116885447570206e-05
ID_237743_L8ggys,Vlqr6qhbqk,1,R,32,40,1.7,IBA154810,Early,0.6646341463414634,2075.9133855307973,1007.9677805086461,0.15560539163798837,0.00018547801655361123
ID_895560_Hx4nri,Pctl4tyb9l,2,L,46,53,2.9,IITA-TMS-IBA000070,Early,0.2682926829268293,1716.302889195884,833.5418046160443,0.13250876699176853,2.9664783598341043e-05
ID_570572_Zjkhun,Miny0c252a,4,R,28,35,2.1,IITA-TMS-IBA000070,Early,0.7317073170731707,3995.580706712676,2166.0740047547874,0.2911245372390852,9.174429042524583e-05
ID_867206_A2wc76,Pw4ytibfql,6,R,28,35,0.5,TMEB419,Early,0.6890243902439024,3575.108218402397,1396.8850232566276,0.2639195042814802,0.0003540171917395738
ID_683484_Yzlvbv,Yznlv6wrsh,5,R,45,53,0.4,DIXON,Early,0.7073170731707317,3309.9615523175494,1655.0595851991234,0.2604431453247711,0.00014253700024054457
ID_760708_Etomqh,Jrem9eo37e,3,R,23,41,2.6,IBA154810,Early,0.5670731707317073,2217.424998260126,1271.1033660609548,0.17759094666996056,0.00017560721824972194
ID_556927_D0wlds,Ah4ubi4ggi,2,R,27,44,11.0,IITA-TMS-IBA000070,Early,0.5365853658536586,2327.2339604075364,1576.1833056938358,0.1834355896299674,0.00016048322065393973
ID_432147_Nburc1,Jrem9eo37e,3,L,29,36,2.2,IBA154810,Early,0.5670731707317073,2217.424998260126,1271.1033660609548,0.17759094666996056,0.00017560721824972194
ID_223701_Vhjywd,Qhqftdiz4q,3,R,49,60,2.3,IITA-TMS-IBA000070,Early,0.6890243902439024,2359.6622883401265,1054.861683496615,0.18677454641364435,0.0007253805356328529
ID_313517_Zkxwdf,Nto14cbfiw,3,L,10,21,3.5,IITA-TMS-IBA000070,Late,2.042682926829268,7166.0038221405775,1995.731548030202,0.5607914998360828,0.00019000016507438513
ID_185638_Pvy4ka,Yjzw2bylox,2,R,23,40,0.9,TMEB693,Early,0.524390243902439,2551.51399096047,1492.188474096903,0.18066456447795143,0.0003271685592875628
ID_707274_J1sbnt,Iuxzotmvrc,3,L,10,18,0.9,TMEB419,Late,0.8841463414634146,3616.912850728849,1668.0192632907774,0.2713821053362892,0.00016836662139891492
ID_216190_Fevuwk,Mpmvh2mgm3,4,R,24,38,4.8,TMEB419,Early,1.0365853658536586,6484.842064462057,1592.8447991347894,0.4503554768985759,0.0003162432316042039
ID_377344_W7fzf6,Ubgsvkns3h,4,R,17,26,0.65,IKN130010,Early,0.4329268292682927,2586.356433403201,1087.3934207078887,0.20740807941806974,4.6229606340243375e-05
ID_217529_Oh69wg,Me1ufzzcxk,1,R,23,32,2.6,TMEB419,Early,0.40853658536585363,2161.930184713224,1052.8278228015433,0.16147786138790218,6.367818677412699e-05
ID_794803_Tvlbyb,Rxxe9bh6qn,7,L,31,40,0.01,IBA980581,Early,0.4329268292682927,1778.670619592434,836.0851510210736,0.13434789146551152,0.0008418434683859801
ID_320320_Gtiu4o,Kjvcz6bjfj,6,R,26,39,2.3,IBA980581,Early,0.6402439024390244,3068.4603904165874,2057.4045417599564,0.23562930858050635,0.00014995937367751245
ID_598272_Axnwor,B8x7mhxe6z,3,L,23,33,6.6,IBA154810,Early,1.0121951219512195,4370.656577505716,1991.182390166492,0.3234718412249075,0.00025013703967474796
ID_601768_Jjlhig,Yznlv6wrsh,6,L,30,39,0.7,DIXON,Early,0.7073170731707317,3309.9615523175494,1655.0595851991234,0.2604431453247711,0.00014253700024054457
ID_603291_Cq9no2,Hzapvbcfm8,3,R,24,30,1.9,IBA154810,Early,1.0365853658536586,3802.9076632988163,1652.9139432209295,0.2886822393919292,0.00033341003625625084
ID_221122_Yzrwle,Tbhppxjkvr,4,L,22,31,2.3,IBA980581,Early,0.6707317073170732,3783.3353215659536,1818.8396684600086,0.2719704358462381,0.00015309043088279915
ID_871801_Bshynx,Tbhppxjkvr,2,R,16,24,1.9,IBA980581,Early,0.6707317073170732,3783.3353215659536,1818.8396684600086,0.2719704358462381,0.00015309043088279915
ID_294989_Jbkad9,B5myqsh1wi,6,R,26,35,0.3,TMEB419,Early,0.3353658536585366,1601.543986808963,838.0350756761504,0.1308774727884799,7.940380484583707e-05
ID_860853_Vcry1q,Me1ufzzcxk,4,R,23,32,2.2,TMEB419,Early,0.40853658536585363,2161.930184713224,1052.8278228015433,0.16147786138790218,6.367818677412699e-05
ID_965999_Xywbc2,V6awcupt6m,4,L,34,41,2.1,TMEB693,Early,0.8963414634146342,6040.42711285847,1692.9927435153868,0.4283895474736432,0.00020433296280077093
ID_269437_Dxgg4n,Dz9lpsl9ae,5,R,45,50,2.5,TMEB419,Early,0.43902439024390244,2234.791853276695,1204.7524483843547,0.18454353616549013,0.00017501899311990916
ID_534910_Ecsqtx,Me1ufzzcxk,3,R,23,32,3.5,TMEB419,Early,0.40853658536585363,2161.930184713224,1052.8278228015433,0.16147786138790218,6.367818677412699e-05
ID_380636_W4jape,Ceibvxd51g,2,R,37,45,0.3,DIXON,Early,0.40853658536585363,1370.3631368497522,858.375166730183,0.11051705290253624,8.116885447570206e-05
ID_944556_Oelb9j,Efaiye0hmy,2,R,20,30,3.8,IBA980581,Early,0.9512195121951219,5066.690476580364,1357.8267338450362,0.34616930813056324,0.0001587321889391322
ID_526238_Ktqxuh,Up8aqujy0s,5,L,29,40,1.8,IBA154810,Early,0.5853658536585366,2477.31790905464,1157.3683374916634,0.18515318918854154,0.00010001737274158849
ID_754285_Xoi0da,Pw4ytibfql,2,L,25,32,0.5,TMEB419,Early,0.6890243902439024,3575.108218402397,1396.8850232566276,0.2639195042814802,0.0003540171917395738
ID_122219_Xdopq7,Sauopakhvn,5,L,19,40,3.5,TMEB419,Early,0.4146341463414634,2981.4646599002,1088.476780589034,0.20576015596274674,6.223756165711763e-05
ID_672578_Nifv71,Kjvcz6bjfj,3,L,24,36,0.2,IBA980581,Early,0.6402439024390244,3068.4603904165874,2057.4045417599564,0.23562930858050635,0.00014995937367751245
ID_747419_Zihzns,F1p0lhe1ij,4,R,30,37,2.1,IITA-TMS-IBA000070,Early,0.8536585365853658,3922.536594297828,1642.20654296875,0.26992583116601787,0.00012140544279762549
ID_375653_V9hmsh,Rxxe9bh6qn,4,L,31,40,0.01,IBA980581,Early,0.4329268292682927,1778.670619592434,836.0851510210736,0.13434789146551152,0.0008418434683859801
ID_155140_Uzajyt,Bb02c5k7wm,5,L,22,31,0.9,TMEB693,Early,0.5609756097560976,3451.874693917065,1305.2600847802512,0.266645380506652,0.0004049972060197774
ID_969350_G9jqgp,Izbgyxre0g,4,L,24,37,1.3,IBA154810,Early,0.8963414634146342,5327.072115270103,2168.9836113162155,0.4033247882762597,0.00014579752967425845
ID_103784_Oslxv3,Zbjyzgqwtu,7,L,22,30,1.4,IITA-TMS-IBA000070,Early,0.4329268292682927,2541.537231073147,924.4432652171065,0.18152626813814254,6.644973970719098e-05
ID_674519_Qg52cm,Jct834ckgh,5,L,19,27,0.8,TMEB693,Late,1.0308641975308641,2554.385527057412,1064.7131407937886,0.19042538748077084,0.0002308785326233013
ID_726494_Kdje9g,Zbjyzgqwtu,3,L,22,30,1.8,IITA-TMS-IBA000070,Early,0.4329268292682927,2541.537231073147,924.4432652171065,0.18152626813814254,6.644973970719098e-05
ID_688192_Bdosyn,L8w7zu7wek,3,R,27,33,2.9,IITA-TMS-IBA000070,Early,0.6829268292682927,3323.434558403201,1648.8045661740186,0.24633700130218156,0.00012423795034282394
ID_335255_Hoxqui,Tbhppxjkvr,3,L,22,31,2.9,IBA980581,Early,0.6707317073170732,3783.3353215659536,1818.8396684600086,0.2719704358462381,0.00015309043088279915
ID_271070_Fsmcir,Hc3b9gicdo,3,R,29,38,3.1,IITA-TMS-IBA000070,Early,0.5548780487804879,4105.935591348788,1488.9588948691764,0.29892412727925394,0.00016536060802093886
ID_441610_X5hyun,Hqcekwpxgu,6,R,30,39,6.2,IITA-TMS-IBA000070,Early,0.25609756097560976,1357.5358611316215,539.0183098025439,0.10391634169561964,7.564231193810673e-05
ID_310774_Ryvpjg,Oipmzygepq,3,R,32,39,3.1,TMEB693,Early,0.3475609756097561,1452.414651638124,739.0536986560356,0.10284838040473873,7.355700460284511e-05
ID_592284_Rkc2ag,Zbjyzgqwtu,4,R,15,26,0.8,IITA-TMS-IBA000070,Early,0.4329268292682927,2541.537231073147,924.4432652171065,0.18152626813814254,6.644973970719098e-05
ID_338147_Olxxlj,Hqcekwpxgu,4,R,30,39,1.8,IITA-TMS-IBA000070,Early,0.25609756097560976,1357.5358611316215,539.0183098025439,0.10391634169561964,7.564231193810673e-05
ID_901327_B7vh2y,Puya1uaaln,2,L,26,42,2.1,TMEB419,Early,0.4451219512195122,1455.3563932093177,1146.6440868842892,0.11224271880250353,0.00013521999175513023
ID_578787_J3kdih,Ehwtko5bvb,6,L,10,20,3.1,TMEB419,Late,0.8414634146341463,2717.743284085902,1448.47586971376,0.20354197835979682,0.00027677007947711404
ID_994625_Ecahqu,Vinlgebupo,5,L,23,29,0.2,IBA980581,Early,0.21951219512195122,626.8966905082144,440.8197050792415,0.0519167684439678,0.00028186213136984335
ID_140387_Y10vsb,Q4uyruus4j,1,R,27,33,0.9,IBA980581,Early,1.0975609756097562,4812.842926025391,1845.8140984511956,0.3340496232341723,0.0001906543666747211
ID_929269_Ocfjcp,F5lrpuuq8q,3,R,23,31,0.35,IBA980581,Early,0.6585365853658537,4052.777553837474,1508.5524085440286,0.29063512832461413,0.00017683719321891716
ID_222209_H8gzo6,Pw4ytibfql,3,R,28,35,1.9,TMEB419,Early,0.6890243902439024,3575.108218402397,1396.8850232566276,0.2639195042814802,0.0003540171917395738
ID_140116_E9j0px,Yznlv6wrsh,4,L,30,39,1.5,DIXON,Early,0.7073170731707317,3309.9615523175494,1655.0595851991234,0.2604431453247711,0.00014253700024054457
ID_434761_Ypoghq,Dz9lpsl9ae,6,L,37,46,0.9,TMEB419,Early,0.43902439024390244,2234.791853276695,1204.7524483843547,0.18454353616549013,0.00017501899311990916
ID_850721_Dg5twh,Jrem9eo37e,6,R,23,41,2.1,IBA154810,Early,0.5670731707317073,2217.424998260126,1271.1033660609548,0.17759094666996056,0.00017560721824972194
ID_444311_Tvefbg,Ypktwvqjbn,5,L,33,41,1.7,IBA154810,Early,0.5853658536585366,2794.193876685166,1216.353571449838,0.20875025069536163,9.76315291301426e-05
ID_467568_Bzuthn,Toaefqwoli,3,L,37,47,0.5,TMEB419,Early,0.32926829268292684,1197.2145192216083,573.0135684129668,0.09773179748747822,0.00011392723147904544
ID_402245_Lg14mj,L5l1h3kekg,6,L,38,50,2.5,IITA-TMS-IBA000070,Early,0.7317073170731707,4209.169436291951,1717.0356353201516,0.3076381714379628,0.00020858321739205773
ID_376269_Whviji,Puya1uaaln,3,L,26,42,0.8,TMEB419,Early,0.4451219512195122,1455.3563932093177,1146.6440868842892,0.11224271880250353,0.00013521999175513023
ID_915339_Jjlwgz,Zbjyzgqwtu,1,R,15,26,1.4,IITA-TMS-IBA000070,Early,0.4329268292682927,2541.537231073147,924.4432652171065,0.18152626813814254,6.644973970719098e-05
ID_911139_Wxecsv,Zbjyzgqwtu,5,R,15,26,1.8,IITA-TMS-IBA000070,Early,0.4329268292682927,2541.537231073147,924.4432652171065,0.18152626813814254,6.644973970719098e-05
ID_912912_Nz9us7,Ph2ti2sjzu,5,L,22,35,0.35,IBA980581,Early,0.7012195121951219,3201.814254016411,1530.8430938720703,0.24112771758292725,0.00015120067115788934
ID_203893_Kiz2lt,Nrse2plksd,3,R,25,35,2.9,TMEB693,Early,0.5670731707317073,2578.4332026039683,1368.9543252340177,0.1868828104480168,0.00017875448447796143
ID_157206_Vnoejp,Ot13d4nq6t,5,L,41,50,2.5,DIXON,Early,0.6829268292682927,3285.688712887648,1500.620337137362,0.2501184787624141,0.00010408424843640968
ID_716182_Xj4hl1,Nrse2plksd,4,R,25,35,2.5,TMEB693,Early,0.5670731707317073,2578.4332026039683,1368.9543252340177,0.1868828104480168,0.00017875448447796143
ID_612325_Qhs3h2,Lnkljfdtgh,3,R,23,43,2.6,IBA980581,Early,1.3658536585365855,5479.061318653386,2218.0449478335495,0.37450863422101066,0.00038310538417603594
ID_450500_H3gltt,Ah4ubi4ggi,4,R,27,44,0.8,IITA-TMS-IBA000070,Early,0.5365853658536586,2327.2339604075364,1576.1833056938358,0.1834355896299674,0.00016048322065393973
ID_589812_X0qgof,Wgutyon8uu,4,R,23,37,2.2,TMEB419,Early,0.6219512195121951,3868.997093293725,1304.1284052220788,0.2700032892191215,0.00012472040768601408
ID_396988_Ksuu8v,Rzyf8hal4j,3,R,38,47,1.4,IBA154810,Early,0.5487804878048781,2158.9960492762125,810.1959036850348,0.1620315714095876,0.0003384180837888711
ID_547506_Jqaluq,Hzapvbcfm8,5,L,19,35,1.9,IBA154810,Early,1.0365853658536586,3802.9076632988163,1652.9139432209295,0.2886822393919292,0.00033341003625625084
ID_675237_Ou93em,V6awcupt6m,4,R,28,39,2.1,TMEB693,Early,0.8963414634146342,6040.42711285847,1692.9927435153868,0.4283895474736432,0.00020433296280077093
ID_116605_Dky8vk,Mylwjeq6tq,4,L,28,34,2.7,IBA980581,Early,0.3597560975609756,1498.444697310285,796.4422849329507,0.10702142738848933,8.881655717505212e-05
ID_424534_Nhlm6w,Vinlgebupo,3,L,23,29,0.5,IBA980581,Early,0.21951219512195122,626.8966905082144,440.8197050792415,0.0519167684439678,0.00028186213136984335
ID_210119_V1cauz,Mpmvh2mgm3,2,R,24,38,4.9,TMEB419,Early,1.0365853658536586,6484.842064462057,1592.8447991347894,0.4503554768985759,0.0003162432316042039
ID_168517_Lb0hq7,Mrw7chmalv,3,R,30,43,0.9,IBA154810,Early,0.5121951219512195,2919.1319256294064,1258.2120633009004,0.22839224465065047,0.00025095775050100526
ID_915357_Hfde1r,F1p0lhe1ij,3,R,30,37,2.1,IITA-TMS-IBA000070,Early,0.8536585365853658,3922.536594297828,1642.20654296875,0.26992583116601787,0.00012140544279762549
ID_808727_Xyfyts,P3om3dfa78,4,R,21,31,1.4,TMEB419,Early,0.6158536585365854,3823.93012451544,1923.5054299889541,0.27461448275713213,0.000137508341502021
ID_770667_Dphygt,Rzyf8hal4j,5,L,32,40,1.4,IBA154810,Early,0.5487804878048781,2158.9960492762125,810.1959036850348,0.1620315714095876,0.0003384180837888711
ID_361716_Sufszh,Bb02c5k7wm,2,L,22,31,1.8,TMEB693,Early,0.5609756097560976,3451.874693917065,1305.2600847802512,0.266645380506652,0.0004049972060197774
ID_954111_Uvobg2,Rxxe9bh6qn,3,L,31,40,2.5,IBA980581,Early,0.4329268292682927,1778.670619592434,836.0851510210736,0.13434789146551152,0.0008418434683859801
ID_950979_Dsho0o,Ummqfuetoc,7,L,25,32,2.7,IBA980581,Early,0.7012195121951219,3274.6210807242046,1829.7320910197932,0.2359671833298789,0.00014764524296996155
ID_307722_Btzncs,Dhfwcg1uj2,4,R,20,32,3.1,IBA154810,Early,1.1341463414634145,3281.4196513106185,1359.7278341898104,0.24166203020899632,0.00024100375580854013
ID_134641_Koib9h,Qinorm9cg3,2,L,16,24,0.4,IBA980581,Early,0.9146341463414634,2699.4485577839177,1283.4369499392626,0.20991773082638102,0.0003427698661530172
ID_180664_Op8l7j,Pucqtyga9u,5,R,37,43,0.5,TMEB419,Early,0.5670731707317073,2897.5432560618333,1137.6007854182546,0.2293356574994555,5.0355635377209974e-05
ID_202049_Zpvt7u,S11rphogci,6,L,20,34,2.1,IBA154810,Early,0.5670731707317073,1995.3098840480898,1213.894919418707,0.14125087668470124,0.00019406508695038815
ID_694646_Famnkr,Toaefqwoli,7,L,37,47,1.9,TMEB419,Early,0.32926829268292684,1197.2145192216083,573.0135684129668,0.09773179748747822,0.00011392723147904544
ID_424614_L8szj2,Q4uyruus4j,7,L,33,45,0.9,IBA980581,Early,1.0975609756097562,4812.842926025391,1845.8140984511956,0.3340496232341723,0.0001906543666747211
ID_860702_Avb9v1,Yznlv6wrsh,5,L,30,39,1.4,DIXON,Early,0.7073170731707317,3309.9615523175494,1655.0595851991234,0.2604431453247711,0.00014253700024054457
ID_223242_Vd2n5f,Tbhppxjkvr,1,R,16,24,2.3,IBA980581,Early,0.6707317073170732,3783.3353215659536,1818.8396684600086,0.2719704358462381,0.00015309043088279915
ID_497108_Imsrou,Xdi1ipcemf,6,L,21,28,4.3,IITA-TMS-IBA000070,Early,0.5548780487804879,2967.44250739493,1271.9512250016376,0.2141916389586186,0.0002469845536560207
ID_874698_Sofloa,L6qdyaff5q,4,L,26,31,0.9,TMEB693,Early,0.12804878048780488,1162.7436810005001,856.7931983761671,0.07283802399223699,2.276286751387402e-05
ID_925389_Gdjxgh,Laspkqmflo,4,L,33,40,0.02,IKN130010,Early,0.2926829268292683,1359.8271567181844,568.4911924222621,0.10854173888951314,0.00040180398527109486
ID_809706_Hgrlkk,Nrse2plksd,5,L,19,30,2.9,TMEB693,Early,0.5670731707317073,2578.4332026039683,1368.9543252340177,0.1868828104480168,0.00017875448447796143
ID_592215_Hfzzen,Ntqusw7xpb,4,L,19,31,2.2,TMEB419,Early,0.4146341463414634,1755.9463303961404,526.0357290360986,0.1220255858917353,0.0004343669685198907
ID_995502_L5bkz9,Izbgyxre0g,4,R,22,33,1.3,IBA154810,Early,0.8963414634146342,5327.072115270103,2168.9836113162155,0.4033247882762597,0.00014579752967425845
ID_490708_Isn2o5,Efaiye0hmy,1,R,20,30,4.8,IBA980581,Early,0.9512195121951219,5066.690476580364,1357.8267338450362,0.34616930813056324,0.0001587321889391322
ID_899134_Gyrlfg,Rzyf8hal4j,1,R,38,47,1.3,IBA154810,Early,0.5487804878048781,2158.9960492762125,810.1959036850348,0.1620315714095876,0.0003384180837888711
ID_747792_Ofa0wh,Izbgyxre0g,6,R,22,33,3.7,IBA154810,Early,0.8963414634146342,5327.072115270103,2168.9836113162155,0.4033247882762597,0.00014579752967425845
